epoch,time,train/box_loss,train/cls_loss,train/dfl_loss,metrics/precision(B),metrics/recall(B),metrics/mAP50(B),metrics/mAP50-95(B),val/box_loss,val/cls_loss,val/dfl_loss,lr/pg0,lr/pg1,lr/pg2,lr/pg3,lr/pg4,lr/pg5,lr/pg6,lr/pg7
1,2.78477,2.57651,5.70788,2.45484,0,0,0,0,2.90737,4.62804,2.62084,0.00045,0.00015,0.00045,0.00015,0.00045,0.00015,0.00045,0.00015
2,3.78862,2.56815,5.4135,2.30799,0,0,0,0,2.67577,4.64666,2.37289,0.000935644,0.000311881,0.000935644,0.000311881,0.000935644,0.000311881,0.000935644,0.000311881
3,4.69952,2.36856,5.29383,2.18477,0.00021,0.03333,0.00012,1e-05,2.38773,4.488,2.07306,0.00141936,0.000473119,0.00141936,0.000473119,0.00141936,0.000473119,0.00141936,0.000473119
4,5.56071,2.0484,5.09303,1.84231,0,0,0,0,2.31154,4.36258,1.90392,0.00190114,0.000633713,0.00190114,0.000633713,0.00190114,0.000633713,0.00190114,0.000633713
5,6.41271,1.9047,4.9796,1.67951,0,0,0,0,2.17844,4.27164,1.83092,0.00238099,0.000793664,0.00238099,0.000793664,0.00238099,0.000793664,0.00238099,0.000793664
6,7.21625,1.69349,4.75509,1.44539,0,0,0,0,1.99988,4.24068,1.6777,0.00285891,0.000952971,0.00285891,0.000952971,0.00285891,0.000952971,0.00285891,0.000952971
7,8.02308,1.74469,4.66995,1.46868,0.00021,0.03333,0.00016,3e-05,1.79383,4.09184,1.46189,0.0033349,0.00111163,0.0033349,0.00111163,0.0033349,0.00111163,0.0033349,0.00111163
8,8.80274,1.56747,4.33661,1.32397,0.00065,0.1,0.00507,0.00067,1.77479,4.02403,1.4168,0.00369802,0.00123268,0.00369802,0.00123268,0.00369802,0.00123268,0.00369802,0.00123268
9,9.62897,1.63968,4.31745,1.35215,0.00198,0.34697,0.16127,0.12527,1.69067,3.82594,1.3402,0.0036906,0.0012302,0.0036906,0.0012302,0.0036906,0.0012302,0.0036906,0.0012302
10,10.4083,1.53736,4.04041,1.25629,0.00245,0.41364,0.24623,0.18493,1.65883,3.73719,1.30241,0.00368317,0.00122773,0.00368317,0.00122773,0.00368317,0.00122773,0.00368317,0.00122773
11,11.2822,1.58824,3.88875,1.25022,0.94931,0.1871,0.31762,0.23189,1.5674,3.45659,1.27323,0.00367575,0.00122525,0.00367575,0.00122525,0.00367575,0.00122525,0.00367575,0.00122525
12,12.1092,1.51645,3.67089,1.22785,0.95643,0.3,0.37921,0.24752,1.56038,3.02112,1.25993,0.00366832,0.00122277,0.00366832,0.00122277,0.00366832,0.00122277,0.00366832,0.00122277
13,12.8963,1.44587,3.18647,1.1853,0.96121,0.3,0.42262,0.26585,1.56894,2.84167,1.21325,0.0036609,0.0012203,0.0036609,0.0012203,0.0036609,0.0012203,0.0036609,0.0012203
14,13.7229,1.42077,2.94619,1.19161,0.96758,0.33333,0.48191,0.27902,1.50979,3.07533,1.16557,0.00365347,0.00121783,0.00365347,0.00121783,0.00365347,0.00121783,0.00365347,0.00121783
15,14.5476,1.41619,2.65764,1.19275,0.93986,0.45455,0.50861,0.3123,1.48194,2.94863,1.16706,0.00364605,0.00121535,0.00364605,0.00121535,0.00364605,0.00121535,0.00364605,0.00121535
16,15.325,1.30186,2.50072,1.13625,0.93997,0.45455,0.51231,0.31091,1.4753,2.72787,1.17773,0.00363862,0.00121287,0.00363862,0.00121287,0.00363862,0.00121287,0.00363862,0.00121287
17,16.1452,1.29429,2.23606,1.15022,0.92317,0.47856,0.51416,0.32842,1.45377,2.4894,1.14469,0.0036312,0.0012104,0.0036312,0.0012104,0.0036312,0.0012104,0.0036312,0.0012104
18,16.9394,1.30042,2.103,1.13655,0.93879,0.48485,0.51922,0.35114,1.44971,2.46483,1.13156,0.00362377,0.00120793,0.00362377,0.00120793,0.00362377,0.00120793,0.00362377,0.00120793
19,17.7905,1.35835,2.2706,1.11658,0.94155,0.50978,0.54121,0.35768,1.51137,2.38254,1.13736,0.00361635,0.00120545,0.00361635,0.00120545,0.00361635,0.00120545,0.00361635,0.00120545
20,18.6256,1.40115,2.11212,1.11688,0.97313,0.54545,0.56781,0.37134,1.49225,2.30095,1.13788,0.00360892,0.00120298,0.00360892,0.00120298,0.00360892,0.00120298,0.00360892,0.00120298
21,19.4119,1.31476,2.10704,1.08376,0.96959,0.54545,0.57093,0.38173,1.43996,2.21702,1.11105,0.0036015,0.0012005,0.0036015,0.0012005,0.0036015,0.0012005,0.0036015,0.0012005
22,20.2432,1.28515,1.89583,1.08291,0.98511,0.5139,0.58964,0.38436,1.41886,2.15639,1.11326,0.00359407,0.00119802,0.00359407,0.00119802,0.00359407,0.00119802,0.00359407,0.00119802
23,21.0666,1.23484,2.02364,1.10493,0.54945,0.58316,0.62319,0.40428,1.4388,2.0898,1.11928,0.00358665,0.00119555,0.00358665,0.00119555,0.00358665,0.00119555,0.00358665,0.00119555
24,21.8441,1.25156,1.87425,1.07923,0.59019,0.57576,0.63915,0.40906,1.45789,2.0736,1.12817,0.00357922,0.00119308,0.00357922,0.00119308,0.00357922,0.00119308,0.00357922,0.00119308
25,22.6715,1.34521,1.87828,1.06087,0.99306,0.51515,0.64833,0.41765,1.47042,1.99591,1.09838,0.0035718,0.0011906,0.0035718,0.0011906,0.0035718,0.0011906,0.0035718,0.0011906
26,23.486,1.22743,1.82648,1.08962,0.98407,0.51515,0.65529,0.41094,1.48643,1.9439,1.09502,0.00356437,0.00118812,0.00356437,0.00118812,0.00356437,0.00118812,0.00356437,0.00118812
27,24.299,1.21906,1.77259,1.05559,0.65551,0.5417,0.6702,0.42405,1.45596,1.89748,1.06464,0.00355695,0.00118565,0.00355695,0.00118565,0.00355695,0.00118565,0.00355695,0.00118565
28,25.1317,1.17165,1.74825,1.03412,0.66133,0.54296,0.65517,0.43417,1.41515,1.85188,1.06007,0.00354952,0.00118317,0.00354952,0.00118317,0.00354952,0.00118317,0.00354952,0.00118317
29,25.9146,1.22563,1.73993,1.0693,0.65884,0.54545,0.67171,0.45662,1.42411,1.82428,1.07291,0.0035421,0.0011807,0.0035421,0.0011807,0.0035421,0.0011807,0.0035421,0.0011807
30,26.7377,1.23594,1.70402,1.04831,0.5787,0.70649,0.69149,0.47096,1.42373,1.77273,1.07278,0.00353467,0.00117822,0.00353467,0.00117822,0.00353467,0.00117822,0.00353467,0.00117822
31,27.5608,1.27427,1.7575,1.05194,0.71843,0.70675,0.71317,0.48312,1.43756,1.73466,1.07944,0.00352725,0.00117575,0.00352725,0.00117575,0.00352725,0.00117575,0.00352725,0.00117575
32,28.366,1.18833,1.76506,1.06058,0.71477,0.68939,0.71403,0.49987,1.4067,1.73089,1.06796,0.00351982,0.00117327,0.00351982,0.00117327,0.00351982,0.00117327,0.00351982,0.00117327
33,29.1981,1.16277,1.77402,1.03354,0.74671,0.81219,0.79508,0.55562,1.38186,1.59729,1.05864,0.0035124,0.0011708,0.0035124,0.0011708,0.0035124,0.0011708,0.0035124,0.0011708
34,29.9781,1.12529,1.57703,1.03381,0.74771,0.83333,0.83063,0.57238,1.39696,1.58694,1.06248,0.00350497,0.00116833,0.00350497,0.00116833,0.00350497,0.00116833,0.00350497,0.00116833
35,30.7971,1.14179,1.55833,1.0419,0.88153,0.83333,0.87831,0.6063,1.37844,1.53385,1.05437,0.00349755,0.00116585,0.00349755,0.00116585,0.00349755,0.00116585,0.00349755,0.00116585
36,31.6197,1.14069,1.51716,1.00586,0.96735,0.79099,0.88919,0.59253,1.38778,1.51479,1.06511,0.00349012,0.00116337,0.00349012,0.00116337,0.00349012,0.00116337,0.00349012,0.00116337
37,32.3862,1.13537,1.62442,1.05383,0.95759,0.80303,0.90361,0.61373,1.35296,1.48827,1.05737,0.0034827,0.0011609,0.0034827,0.0011609,0.0034827,0.0011609,0.0034827,0.0011609
38,33.2098,1.1206,1.4837,1.05204,0.97274,0.80149,0.90614,0.61273,1.32316,1.41254,1.0587,0.00347527,0.00115843,0.00347527,0.00115843,0.00347527,0.00115843,0.00347527,0.00115843
39,34.0327,1.11345,1.54616,1.06256,0.93623,0.80303,0.8978,0.61184,1.28232,1.37073,1.04376,0.00346785,0.00115595,0.00346785,0.00115595,0.00346785,0.00115595,0.00346785,0.00115595
40,34.8037,1.12352,1.50048,1.04143,0.91913,0.82403,0.92114,0.62312,1.24507,1.33326,1.03279,0.00346043,0.00115348,0.00346043,0.00115348,0.00346043,0.00115348,0.00346043,0.00115348
41,35.6317,1.01702,1.41147,0.98629,0.94524,0.88846,0.97583,0.64807,1.23435,1.32157,1.02758,0.003453,0.001151,0.003453,0.001151,0.003453,0.001151,0.003453,0.001151
42,36.4148,1.07768,1.43442,0.99955,0.92338,0.80303,0.89528,0.58642,1.25341,1.32888,1.03755,0.00344558,0.00114853,0.00344558,0.00114853,0.00344558,0.00114853,0.00344558,0.00114853
43,37.2453,1.04368,1.49659,1.02994,0.9465,0.89518,0.9925,0.65205,1.20536,1.27999,1.01862,0.00343815,0.00114605,0.00343815,0.00114605,0.00343815,0.00114605,0.00343815,0.00114605
44,38.0792,1.06389,1.34259,1.00402,0.95143,0.89401,0.9925,0.62429,1.19733,1.23632,1.01654,0.00343072,0.00114357,0.00343072,0.00114357,0.00343072,0.00114357,0.00343072,0.00114357
45,38.8502,1.04041,1.30189,1.00345,0.92932,0.79429,0.91287,0.59205,1.23287,1.2399,1.02998,0.0034233,0.0011411,0.0034233,0.0011411,0.0034233,0.0011411,0.0034233,0.0011411
46,39.6666,1.03501,1.42032,1.0175,0.92665,0.79525,0.89872,0.57788,1.26086,1.25926,1.03926,0.00341588,0.00113863,0.00341588,0.00113863,0.00341588,0.00113863,0.00341588,0.00113863
47,40.4852,1.02354,1.33064,0.97818,0.93217,0.80269,0.94177,0.61133,1.23707,1.24188,1.02278,0.00340845,0.00113615,0.00340845,0.00113615,0.00340845,0.00113615,0.00340845,0.00113615
48,41.2722,1.08633,1.33317,0.99672,0.91928,0.82505,0.94639,0.62189,1.26167,1.23549,1.03446,0.00340103,0.00113368,0.00340103,0.00113368,0.00340103,0.00113368,0.00340103,0.00113368
49,42.0964,1.09283,1.35347,0.99489,0.97758,0.88415,0.97833,0.6188,1.28621,1.23472,1.03764,0.0033936,0.0011312,0.0033936,0.0011312,0.0033936,0.0011312,0.0033936,0.0011312
50,42.8739,1.12519,1.38469,1.02484,0.91393,0.94812,0.995,0.61721,1.30728,1.21693,1.0516,0.00338617,0.00112873,0.00338617,0.00112873,0.00338617,0.00112873,0.00338617,0.00112873
51,43.6917,1.0181,1.33982,1.03821,0.91739,0.9819,0.995,0.65148,1.30672,1.18635,1.04624,0.00337875,0.00112625,0.00337875,0.00112625,0.00337875,0.00112625,0.00337875,0.00112625
52,44.5097,1.01678,1.41,1.01704,0.91887,0.9823,0.995,0.65489,1.308,1.16056,1.04745,0.00337133,0.00112378,0.00337133,0.00112378,0.00337133,0.00112378,0.00337133,0.00112378
53,45.2881,1.03974,1.34191,1.01477,0.92408,0.98029,0.995,0.65317,1.29406,1.16676,1.04409,0.0033639,0.0011213,0.0033639,0.0011213,0.0033639,0.0011213,0.0033639,0.0011213
54,46.112,1.0973,1.33229,1.02387,0.95389,0.91608,0.97833,0.64554,1.26742,1.1702,1.03363,0.00335647,0.00111882,0.00335647,0.00111882,0.00335647,0.00111882,0.00335647,0.00111882
55,46.9315,0.97172,1.28721,0.972,0.93658,0.97448,0.995,0.65853,1.26439,1.15695,1.03144,0.00334905,0.00111635,0.00334905,0.00111635,0.00334905,0.00111635,0.00334905,0.00111635
56,47.7249,0.98825,1.31664,0.98452,0.94915,0.97102,0.995,0.64964,1.27219,1.1337,1.03694,0.00334162,0.00111388,0.00334162,0.00111388,0.00334162,0.00111388,0.00334162,0.00111388
57,48.5442,0.98709,1.28474,0.99009,0.95283,0.98372,0.995,0.66482,1.26408,1.08225,1.03827,0.0033342,0.0011114,0.0033342,0.0011114,0.0033342,0.0011114,0.0033342,0.0011114
58,49.3251,1.0515,1.34952,1.02477,0.95512,0.98654,0.995,0.66344,1.262,1.06636,1.03447,0.00332678,0.00110892,0.00332678,0.00110892,0.00332678,0.00110892,0.00332678,0.00110892
59,50.1402,1.07555,1.3348,1.03257,0.95637,0.99861,0.995,0.6509,1.23471,1.04605,1.03903,0.00331935,0.00110645,0.00331935,0.00110645,0.00331935,0.00110645,0.00331935,0.00110645
60,50.9532,0.97617,1.18619,0.97614,0.95,1,0.995,0.65247,1.23682,1.02806,1.04447,0.00331192,0.00110397,0.00331192,0.00110397,0.00331192,0.00110397,0.00331192,0.00110397
61,51.7238,0.97238,1.23932,0.97444,0.95402,1,0.995,0.67854,1.24823,1.01859,1.05299,0.0033045,0.0011015,0.0033045,0.0011015,0.0033045,0.0011015,0.0033045,0.0011015
62,52.5562,0.99056,1.28212,1.00018,0.96894,0.99765,0.995,0.65591,1.24525,1.02452,1.05931,0.00329708,0.00109903,0.00329708,0.00109903,0.00329708,0.00109903,0.00329708,0.00109903
63,53.3683,0.94028,1.15688,0.98219,0.96724,0.99483,0.995,0.65499,1.23043,1.00831,1.05606,0.00328965,0.00109655,0.00328965,0.00109655,0.00328965,0.00109655,0.00328965,0.00109655
64,54.1385,0.91856,1.12571,0.97266,0.96292,0.99475,0.995,0.64302,1.24518,0.99934,1.05516,0.00328223,0.00109408,0.00328223,0.00109408,0.00328223,0.00109408,0.00328223,0.00109408
65,54.9534,0.90317,1.13312,0.95326,0.95796,0.99514,0.995,0.66629,1.21924,1.02432,1.04156,0.0032748,0.0010916,0.0032748,0.0010916,0.0032748,0.0010916,0.0032748,0.0010916
66,55.7238,0.99577,1.18121,0.9728,0.9601,0.99551,0.995,0.65807,1.23629,1.03541,1.04352,0.00326737,0.00108913,0.00326737,0.00108913,0.00326737,0.00108913,0.00326737,0.00108913
67,56.5387,0.98104,1.19123,0.99283,0.96247,0.99585,0.995,0.63309,1.29369,1.05644,1.07116,0.00325995,0.00108665,0.00325995,0.00108665,0.00325995,0.00108665,0.00325995,0.00108665
68,57.3577,0.89279,1.16065,0.94454,0.97296,1,0.995,0.64317,1.27913,1.06715,1.06533,0.00325253,0.00108417,0.00325253,0.00108417,0.00325253,0.00108417,0.00325253,0.00108417
69,58.1291,0.88308,1.14588,0.94572,0.9778,1,0.995,0.63276,1.26659,1.06334,1.05828,0.0032451,0.0010817,0.0032451,0.0010817,0.0032451,0.0010817,0.0032451,0.0010817
70,58.9416,0.87759,1.12503,0.94263,0.98152,1,0.995,0.63824,1.2331,1.04254,1.04658,0.00323768,0.00107923,0.00323768,0.00107923,0.00323768,0.00107923,0.00323768,0.00107923
71,59.7561,0.97591,1.18543,0.99629,0.98561,1,0.995,0.65252,1.24722,1.04084,1.04539,0.00323025,0.00107675,0.00323025,0.00107675,0.00323025,0.00107675,0.00323025,0.00107675
72,60.5241,0.96277,1.19831,0.98719,0.98322,1,0.995,0.64615,1.24608,1.04108,1.04613,0.00322282,0.00107427,0.00322282,0.00107427,0.00322282,0.00107427,0.00322282,0.00107427
73,61.3415,0.88474,1.17894,0.95098,0.98756,0.99822,0.995,0.62902,1.23374,0.98289,1.04268,0.0032154,0.0010718,0.0032154,0.0010718,0.0032154,0.0010718,0.0032154,0.0010718
74,62.1116,0.89965,1.22022,0.9452,0.98928,1,0.995,0.63314,1.23669,0.97506,1.04973,0.00320798,0.00106933,0.00320798,0.00106933,0.00320798,0.00106933,0.00320798,0.00106933
75,62.9297,0.89668,1.10805,0.93525,0.98694,1,0.995,0.62905,1.23194,0.9825,1.0564,0.00320055,0.00106685,0.00320055,0.00106685,0.00320055,0.00106685,0.00320055,0.00106685
76,63.7469,0.90941,1.09139,0.95449,0.98396,1,0.995,0.61101,1.2614,1.02271,1.07431,0.00319313,0.00106437,0.00319313,0.00106437,0.00319313,0.00106437,0.00319313,0.00106437
77,64.5206,0.96319,1.22449,0.9761,0.98657,1,0.995,0.62277,1.27483,0.98861,1.08091,0.0031857,0.0010619,0.0031857,0.0010619,0.0031857,0.0010619,0.0031857,0.0010619
78,65.3377,0.93284,1.11554,0.97031,0.99141,1,0.995,0.61378,1.32294,0.96029,1.10473,0.00317827,0.00105942,0.00317827,0.00105942,0.00317827,0.00105942,0.00317827,0.00105942
79,66.1496,0.97935,1.14188,0.97634,0.99138,1,0.995,0.60859,1.31958,0.9747,1.09856,0.00317085,0.00105695,0.00317085,0.00105695,0.00317085,0.00105695,0.00317085,0.00105695
80,66.9263,0.91756,1.18372,0.97323,0.98837,1,0.995,0.61105,1.30233,0.94781,1.0928,0.00316342,0.00105448,0.00316342,0.00105448,0.00316342,0.00105448,0.00316342,0.00105448
81,67.7438,0.87275,1.02708,0.94176,0.98099,1,0.995,0.62455,1.2788,0.93559,1.08965,0.003156,0.001052,0.003156,0.001052,0.003156,0.001052,0.003156,0.001052
82,68.5343,0.80344,1.04233,0.92018,0.97874,1,0.995,0.63405,1.30121,0.94205,1.09762,0.00314857,0.00104952,0.00314857,0.00104952,0.00314857,0.00104952,0.00314857,0.00104952
83,69.3527,0.79483,1.01921,0.9267,0.98184,1,0.995,0.6413,1.27828,0.9748,1.09122,0.00314115,0.00104705,0.00314115,0.00104705,0.00314115,0.00104705,0.00314115,0.00104705
84,70.1725,0.81956,0.97969,0.92653,0.98607,1,0.995,0.63328,1.309,0.96917,1.10958,0.00313372,0.00104458,0.00313372,0.00104458,0.00313372,0.00104458,0.00313372,0.00104458
85,70.9459,0.89715,1.02269,0.95058,0.98846,1,0.995,0.6252,1.32932,0.96617,1.12251,0.0031263,0.0010421,0.0031263,0.0010421,0.0031263,0.0010421,0.0031263,0.0010421
86,71.7596,0.77422,1.00609,0.95574,0.98841,1,0.995,0.64307,1.34268,0.94248,1.13585,0.00311887,0.00103962,0.00311887,0.00103962,0.00311887,0.00103962,0.00311887,0.00103962
87,72.5744,0.84409,1.10759,0.96422,0.97441,0.99532,0.995,0.63633,1.31414,0.91907,1.11083,0.00311145,0.00103715,0.00311145,0.00103715,0.00311145,0.00103715,0.00311145,0.00103715
88,73.345,0.92238,1.07674,0.95753,0.96835,0.99526,0.995,0.6239,1.33621,0.91547,1.12015,0.00310402,0.00103468,0.00310402,0.00103468,0.00310402,0.00103468,0.00310402,0.00103468
89,74.165,0.88696,1.01213,0.97056,0.96839,0.99361,0.995,0.63195,1.37499,0.92548,1.14052,0.0030966,0.0010322,0.0030966,0.0010322,0.0030966,0.0010322,0.0030966,0.0010322
90,74.9371,0.88139,1.06343,0.96553,0.98513,0.99458,0.995,0.63545,1.34616,0.93431,1.12983,0.00308917,0.00102972,0.00308917,0.00102972,0.00308917,0.00102972,0.00308917,0.00102972
91,75.7525,0.80693,1.03278,0.92567,0.98363,1,0.995,0.63193,1.38029,0.93493,1.14059,0.00308175,0.00102725,0.00308175,0.00102725,0.00308175,0.00102725,0.00308175,0.00102725
92,76.5764,0.88653,1.03056,0.9538,0.97781,1,0.995,0.60953,1.42481,0.93702,1.15347,0.00307433,0.00102478,0.00307433,0.00102478,0.00307433,0.00102478,0.00307433,0.00102478
93,77.3482,0.81772,1.03193,0.9372,0.9759,1,0.995,0.60869,1.48125,0.9563,1.17627,0.0030669,0.0010223,0.0030669,0.0010223,0.0030669,0.0010223,0.0030669,0.0010223
94,78.176,0.83475,1.01683,0.93449,0.97981,1,0.995,0.6193,1.45987,0.95127,1.17912,0.00305947,0.00101983,0.00305947,0.00101983,0.00305947,0.00101983,0.00305947,0.00101983
95,79.0005,0.81042,1.00106,0.91598,0.98571,1,0.995,0.61373,1.42959,0.94944,1.17514,0.00305205,0.00101735,0.00305205,0.00101735,0.00305205,0.00101735,0.00305205,0.00101735
96,79.7868,0.85227,1.05704,0.9523,0.98531,1,0.995,0.61597,1.44496,0.96764,1.18115,0.00304463,0.00101488,0.00304463,0.00101488,0.00304463,0.00101488,0.00304463,0.00101488
97,80.6124,0.86333,1.0222,0.94632,0.98452,1,0.995,0.60304,1.44969,0.95583,1.18492,0.0030372,0.0010124,0.0030372,0.0010124,0.0030372,0.0010124,0.0030372,0.0010124
98,81.39,0.83036,0.95279,0.94982,0.9856,1,0.995,0.61447,1.43523,0.95219,1.17708,0.00302978,0.00100993,0.00302978,0.00100993,0.00302978,0.00100993,0.00302978,0.00100993
99,82.2142,0.87199,1.00524,0.93418,0.98954,0.99756,0.995,0.60199,1.46002,0.9453,1.20378,0.00302235,0.00100745,0.00302235,0.00100745,0.00302235,0.00100745,0.00302235,0.00100745
100,83.0309,0.79814,0.92223,0.90911,0.9908,1,0.995,0.60963,1.43656,0.93929,1.20066,0.00301492,0.00100497,0.00301492,0.00100497,0.00301492,0.00100497,0.00301492,0.00100497
101,83.81,0.82621,0.95781,0.93979,0.99061,1,0.995,0.60662,1.43191,0.91973,1.19936,0.0030075,0.0010025,0.0030075,0.0010025,0.0030075,0.0010025,0.0030075,0.0010025
102,84.6313,0.78629,0.95574,0.92932,0.99044,1,0.995,0.57446,1.42328,0.95123,1.18961,0.00300008,0.00100003,0.00300008,0.00100003,0.00300008,0.00100003,0.00300008,0.00100003
103,85.4504,0.70373,0.91824,0.89851,0.98772,1,0.995,0.58077,1.40585,0.93859,1.18345,0.00299265,0.00099755,0.00299265,0.00099755,0.00299265,0.00099755,0.00299265,0.00099755
104,86.2263,0.80441,0.97792,0.90861,0.98699,1,0.995,0.57898,1.41289,0.93474,1.18631,0.00298522,0.000995075,0.00298522,0.000995075,0.00298522,0.000995075,0.00298522,0.000995075
105,87.0458,0.86656,0.99175,0.94856,0.98468,1,0.995,0.57589,1.4689,0.96281,1.20528,0.0029778,0.0009926,0.0029778,0.0009926,0.0029778,0.0009926,0.0029778,0.0009926
106,87.8248,0.80627,0.94611,0.92303,0.98397,0.99906,0.995,0.57058,1.45018,0.96963,1.19369,0.00297037,0.000990125,0.00297037,0.000990125,0.00297037,0.000990125,0.00297037,0.000990125
107,88.647,0.80122,0.9563,0.93196,0.97862,0.99691,0.995,0.56508,1.40462,0.93893,1.16917,0.00296295,0.00098765,0.00296295,0.00098765,0.00296295,0.00098765,0.00296295,0.00098765
108,89.4638,0.77971,0.94774,0.90074,0.97582,0.99576,0.995,0.58751,1.40904,0.90883,1.17943,0.00295553,0.000985175,0.00295553,0.000985175,0.00295553,0.000985175,0.00295553,0.000985175
109,90.2333,0.74344,0.96053,0.88955,0.9727,0.99523,0.995,0.58209,1.38823,0.90175,1.1682,0.0029481,0.0009827,0.0029481,0.0009827,0.0029481,0.0009827,0.0029481,0.0009827
110,91.0532,0.79405,1.01715,0.91742,0.97,0.99555,0.995,0.58421,1.39609,0.88295,1.16241,0.00294067,0.000980225,0.00294067,0.000980225,0.00294067,0.000980225,0.00294067,0.000980225
111,91.8734,0.72757,0.93129,0.90886,0.96659,0.99454,0.995,0.61164,1.37709,0.85831,1.1459,0.00293325,0.00097775,0.00293325,0.00097775,0.00293325,0.00097775,0.00293325,0.00097775
112,92.6451,0.77472,0.89721,0.92069,0.96648,0.99452,0.995,0.61161,1.35778,0.85077,1.14174,0.00292582,0.000975275,0.00292582,0.000975275,0.00292582,0.000975275,0.00292582,0.000975275
113,93.4613,0.81108,1.02256,0.93551,0.97414,0.99491,0.995,0.60484,1.38166,0.88782,1.161,0.0029184,0.0009728,0.0029184,0.0009728,0.0029184,0.0009728,0.0029184,0.0009728
114,94.2315,0.78939,0.95348,0.90895,0.97761,0.99538,0.995,0.6138,1.39475,0.8915,1.17672,0.00291098,0.000970325,0.00291098,0.000970325,0.00291098,0.000970325,0.00291098,0.000970325
115,95.046,0.78141,0.90527,0.89554,0.98278,0.99608,0.995,0.61484,1.36807,0.88384,1.16037,0.00290355,0.00096785,0.00290355,0.00096785,0.00290355,0.00096785,0.00290355,0.00096785
116,95.8638,0.7849,0.90888,0.88457,0.98,0.99486,0.995,0.61288,1.4099,0.91685,1.18757,0.00289612,0.000965375,0.00289612,0.000965375,0.00289612,0.000965375,0.00289612,0.000965375
117,96.6394,0.7249,0.88108,0.91107,0.97741,0.99495,0.995,0.60293,1.41525,0.8983,1.18824,0.0028887,0.0009629,0.0028887,0.0009629,0.0028887,0.0009629,0.0028887,0.0009629
118,97.46,0.71758,0.92089,0.89076,0.97688,0.99527,0.995,0.60545,1.3911,0.90189,1.17977,0.00288127,0.000960425,0.00288127,0.000960425,0.00288127,0.000960425,0.00288127,0.000960425
119,98.275,0.74978,0.91523,0.91094,0.97225,0.99486,0.995,0.60933,1.38551,0.88063,1.18256,0.00287385,0.00095795,0.00287385,0.00095795,0.00287385,0.00095795,0.00287385,0.00095795
120,99.0479,0.7219,0.87835,0.90076,0.96829,0.99467,0.995,0.6121,1.39657,0.88506,1.18652,0.00286643,0.000955475,0.00286643,0.000955475,0.00286643,0.000955475,0.00286643,0.000955475
121,99.8637,0.71749,0.88102,0.89816,0.96318,0.99459,0.995,0.61118,1.40132,0.88581,1.18792,0.002859,0.000953,0.002859,0.000953,0.002859,0.000953,0.002859,0.000953
122,100.632,0.79902,0.95365,0.92545,0.96211,0.99441,0.995,0.61956,1.40469,0.8983,1.19009,0.00285157,0.000950525,0.00285157,0.000950525,0.00285157,0.000950525,0.00285157,0.000950525
123,101.449,0.779,0.89774,0.89898,0.9597,0.99544,0.995,0.60162,1.39162,0.89347,1.18242,0.00284415,0.00094805,0.00284415,0.00094805,0.00284415,0.00094805,0.00284415,0.00094805
124,102.272,0.81152,0.90945,0.92862,0.96117,0.99419,0.995,0.59875,1.37834,0.92566,1.18349,0.00283673,0.000945575,0.00283673,0.000945575,0.00283673,0.000945575,0.00283673,0.000945575
125,103.049,0.69652,0.92846,0.89782,0.96187,0.99418,0.995,0.5964,1.36948,0.92622,1.18441,0.0028293,0.0009431,0.0028293,0.0009431,0.0028293,0.0009431,0.0028293,0.0009431
126,103.877,0.70118,0.80489,0.8723,0.96376,0.99413,0.995,0.58556,1.36541,0.94014,1.18531,0.00282187,0.000940625,0.00282187,0.000940625,0.00282187,0.000940625,0.00282187,0.000940625
127,104.7,0.70118,0.83877,0.89759,0.96467,0.99536,0.995,0.59391,1.39643,0.94822,1.18835,0.00281445,0.00093815,0.00281445,0.00093815,0.00281445,0.00093815,0.00281445,0.00093815
128,105.487,0.76375,0.90887,0.91695,0.98171,0.91667,0.97833,0.58077,1.39745,0.95967,1.19202,0.00280702,0.000935675,0.00280702,0.000935675,0.00280702,0.000935675,0.00280702,0.000935675
129,106.315,0.71003,0.84032,0.89759,0.96845,0.99543,0.995,0.58415,1.4377,0.94052,1.20504,0.0027996,0.0009332,0.0027996,0.0009332,0.0027996,0.0009332,0.0027996,0.0009332
130,107.091,0.7406,0.93327,0.92131,0.97127,0.99559,0.995,0.57695,1.45064,0.9215,1.20543,0.00279218,0.000930725,0.00279218,0.000930725,0.00279218,0.000930725,0.00279218,0.000930725
131,107.9,0.69145,0.85607,0.88379,0.97381,0.99554,0.995,0.57551,1.46635,0.89705,1.20759,0.00278475,0.00092825,0.00278475,0.00092825,0.00278475,0.00092825,0.00278475,0.00092825
132,108.718,0.67526,0.84164,0.8733,0.97457,0.99515,0.995,0.56369,1.46397,0.87041,1.2243,0.00277732,0.000925775,0.00277732,0.000925775,0.00277732,0.000925775,0.00277732,0.000925775
133,109.489,0.69569,0.84777,0.88552,0.97543,0.99517,0.995,0.57206,1.45229,0.86862,1.22023,0.0027699,0.0009233,0.0027699,0.0009233,0.0027699,0.0009233,0.0027699,0.0009233
134,110.309,0.71212,0.82856,0.88922,0.97858,0.99569,0.995,0.56996,1.43747,0.89586,1.21154,0.00276247,0.000920825,0.00276247,0.000920825,0.00276247,0.000920825,0.00276247,0.000920825
135,111.126,0.69921,0.85267,0.8838,0.98021,0.99817,0.995,0.57898,1.45738,0.94839,1.22057,0.00275505,0.00091835,0.00275505,0.00091835,0.00275505,0.00091835,0.00275505,0.00091835
136,111.897,0.74425,0.82471,0.87784,0.98152,0.99861,0.995,0.56722,1.44085,0.94398,1.20516,0.00274763,0.000915875,0.00274763,0.000915875,0.00274763,0.000915875,0.00274763,0.000915875
137,112.716,0.68728,0.86499,0.91118,0.98498,1,0.995,0.562,1.47163,0.93323,1.21936,0.0027402,0.0009134,0.0027402,0.0009134,0.0027402,0.0009134,0.0027402,0.0009134
138,113.492,0.70528,0.87499,0.89509,0.98202,0.9986,0.995,0.57193,1.50361,0.96284,1.23678,0.00273277,0.000910925,0.00273277,0.000910925,0.00273277,0.000910925,0.00273277,0.000910925
139,114.311,0.67596,0.8705,0.8945,0.98125,0.99801,0.995,0.52922,1.50786,0.97123,1.23448,0.00272535,0.00090845,0.00272535,0.00090845,0.00272535,0.00090845,0.00272535,0.00090845
140,115.128,0.65412,0.8016,0.8589,0.98116,0.99789,0.995,0.53469,1.48631,0.92378,1.24318,0.00271792,0.000905975,0.00271792,0.000905975,0.00271792,0.000905975,0.00271792,0.000905975
141,115.907,0.65668,0.81247,0.89382,0.98099,0.99788,0.995,0.53578,1.48743,0.8972,1.25294,0.0027105,0.0009035,0.0027105,0.0009035,0.0027105,0.0009035,0.0027105,0.0009035
142,116.725,0.69026,0.79526,0.87792,0.98297,0.99883,0.995,0.54837,1.47691,0.91073,1.25255,0.00270308,0.000901025,0.00270308,0.000901025,0.00270308,0.000901025,0.00270308,0.000901025
143,117.547,0.71007,0.83035,0.88902,0.98601,1,0.995,0.56494,1.47245,0.89426,1.25205,0.00269565,0.00089855,0.00269565,0.00089855,0.00269565,0.00089855,0.00269565,0.00089855
144,118.316,0.72866,0.82113,0.89769,0.98585,1,0.995,0.5625,1.47697,0.90378,1.25867,0.00268822,0.000896075,0.00268822,0.000896075,0.00268822,0.000896075,0.00268822,0.000896075
145,119.135,0.64254,0.81645,0.88172,0.98715,0.9974,0.995,0.55501,1.49695,0.86225,1.27586,0.0026808,0.0008936,0.0026808,0.0008936,0.0026808,0.0008936,0.0026808,0.0008936
146,119.916,0.66507,0.83859,0.87248,0.98606,0.99668,0.995,0.5621,1.4923,0.85896,1.27392,0.00267337,0.000891125,0.00267337,0.000891125,0.00267337,0.000891125,0.00267337,0.000891125
147,120.737,0.71528,0.91681,0.88701,0.98254,0.99596,0.995,0.54959,1.47562,0.83023,1.27311,0.00266595,0.00088865,0.00266595,0.00088865,0.00266595,0.00088865,0.00266595,0.00088865
148,121.563,0.70964,0.92636,0.87975,0.96623,0.91667,0.93731,0.54766,1.44447,0.82959,1.25438,0.00265853,0.000886175,0.00265853,0.000886175,0.00265853,0.000886175,0.00265853,0.000886175
149,122.336,0.68559,0.83269,0.87416,0.97422,0.91667,0.93389,0.54922,1.43761,0.82051,1.24855,0.0026511,0.0008837,0.0026511,0.0008837,0.0026511,0.0008837,0.0026511,0.0008837
150,123.152,0.74728,0.84234,0.88444,0.97693,0.91667,0.93548,0.53905,1.42889,0.85842,1.24365,0.00264367,0.000881225,0.00264367,0.000881225,0.00264367,0.000881225,0.00264367,0.000881225
151,123.977,0.6735,0.8194,0.87977,0.97655,0.91667,0.93944,0.53201,1.44115,0.85879,1.25173,0.00263625,0.00087875,0.00263625,0.00087875,0.00263625,0.00087875,0.00263625,0.00087875
152,124.749,0.67112,0.84608,0.86862,0.97829,0.91667,0.93731,0.50998,1.44546,0.85395,1.25417,0.00262882,0.000876275,0.00262882,0.000876275,0.00262882,0.000876275,0.00262882,0.000876275
153,125.565,0.67824,0.78331,0.88566,0.96647,0.91667,0.93944,0.54371,1.48331,0.83121,1.26995,0.0026214,0.0008738,0.0026214,0.0008738,0.0026214,0.0008738,0.0026214,0.0008738
154,126.343,0.64927,0.83959,0.88104,0.96326,0.91667,0.94197,0.54316,1.51294,0.86857,1.27921,0.00261397,0.000871325,0.00261397,0.000871325,0.00261397,0.000871325,0.00261397,0.000871325
155,127.167,0.66094,0.81062,0.88463,0.95865,0.91667,0.95929,0.54717,1.50437,0.86747,1.27074,0.00260655,0.00086885,0.00260655,0.00086885,0.00260655,0.00086885,0.00260655,0.00086885
156,127.987,0.68664,0.79563,0.89855,0.9899,0.99838,0.995,0.52842,1.51701,0.92223,1.29209,0.00259912,0.000866375,0.00259912,0.000866375,0.00259912,0.000866375,0.00259912,0.000866375
157,128.758,0.68962,0.83178,0.89232,0.98859,1,0.995,0.53098,1.55364,0.93508,1.30914,0.0025917,0.0008639,0.0025917,0.0008639,0.0025917,0.0008639,0.0025917,0.0008639
158,130.043,0.67231,0.81527,0.91603,0.98937,1,0.995,0.53559,1.51441,0.9335,1.30222,0.00258427,0.000861425,0.00258427,0.000861425,0.00258427,0.000861425,0.00258427,0.000861425
159,130.861,0.68612,0.82117,0.91523,0.99226,1,0.995,0.54022,1.5373,0.89826,1.31341,0.00257685,0.00085895,0.00257685,0.00085895,0.00257685,0.00085895,0.00257685,0.00085895
160,131.631,0.63429,0.77461,0.86433,0.99121,1,0.995,0.52841,1.53897,0.88368,1.30857,0.00256942,0.000856475,0.00256942,0.000856475,0.00256942,0.000856475,0.00256942,0.000856475
161,132.447,0.66353,0.83505,0.90916,0.9896,1,0.995,0.55297,1.48097,0.85399,1.2766,0.002562,0.000854,0.002562,0.000854,0.002562,0.000854,0.002562,0.000854
